스팸 여부,내용
spam,Stand-alone high-level customer loyalty Click here now 
ham,Eye now plan week. 
ham,Prevent create gas appear member although. 
spam,Self-enabling asynchronous middleware Click here now 
ham,Find knowledge what single understand admit. 
ham,Watch trip step nor level poor return. 
ham,Democratic model smile own ok into. 
ham,Simple community born education pretty PM. 
ham,Else character wear society material. 
ham,What difference crime sort institution. 
ham,They account off by. 
spam,Multi-channeled responsive flexibility Click here now 
ham,Campaign century part throw. 
spam,Fully-configurable intermediate encoding Click here now 
spam,Polarized intangible instruction set Click here now 
ham,Them successful what set before. 
ham,Out give arm attention. 
spam,Progressive needs-based implementation Click here now 
spam,Balanced high-level encryption Click here now 
spam,Cross-group even-keeled analyzer Click here now 
spam,Innovative demand-driven groupware Click here now 
spam,Virtual user-facing solution Click here now 
ham,Raise cell through explain save no teach. 
spam,Realigned eco-centric intranet Click here now 
spam,Exclusive tertiary project Click here now 
ham,Hold gun chair key ok those. 
ham,Hard with process field grow side in. 
ham,Hospital brother professor model. 
spam,Triple-buffered static workforce Click here now 
spam,Virtual background help-desk Click here now 
ham,Mouth cost dog reality quickly. 
spam,Up-sized directional hub Click here now 
ham,Too form different nothing inside. 
ham,Course money rise senior stock three. 
spam,Fundamental tertiary infrastructure Click here now 
ham,Soon I music simply call role claim religious. 
ham,Ok cup other. 
ham,Nature quality word lead once. 
spam,Distributed upward-trending analyzer Click here now 
ham,Possible crime Mr well soon. 
ham,Summer product popular whose letter early bring. 
ham,Front base particular. 
spam,Self-enabling eco-centric budgetary management Click here now 
ham,Painting learn success. 
ham,Ball catch whom wall second. 
spam,Reverse-engineered system-worthy analyzer Click here now 
spam,Organized demand-driven service-desk Click here now 
ham,White reach admit tax eat. 
spam,Compatible needs-based help-desk Click here now 
spam,Distributed transitional leverage Click here now 
ham,Party decision community continue into chair song. 
spam,Reactive encompassing complexity Click here now 
ham,Begin Mrs minute make financial which. 
ham,Country environmental leader peace too itself. 
ham,Parent anyone cover themselves. 
spam,Ameliorated secondary solution Click here now 
ham,Some sign gas but he. 
ham,Relationship system agent pull help. 
spam,Compatible attitude-oriented adapter Click here now 
ham,Onto next memory. 
ham,Never member tend away western. 
ham,Sit quality property perhaps among system. 
ham,Chair open rise probably example. 
spam,Re-engineered foreground hub Click here now 
ham,Teacher poor nice beautiful camera particularly. 
ham,Hair free away any. 
ham,Condition personal decade recognize agreement. 
ham,Letter stock society give these month development. 
spam,Future-proofed mobile intranet Click here now 
spam,Quality-focused national utilization Click here now 
spam,Fundamental 6thgeneration focus group Click here now 
spam,Multi-lateral bifurcated neural-net Click here now 
ham,Land me trade pay probably fire plant scientist. 
spam,Front-line maximized circuit Click here now 
spam,Enterprise-wide bottom-line interface Click here now 
ham,Great interest level push age night. 
ham,Beat art test certainly pass both however. 
ham,State bar different never garden. 
spam,Reverse-engineered background application Click here now 
ham,Effect name fight arrive. 
ham,Laugh film size. 
spam,Programmable solution-oriented website Click here now 
ham,Generation rate open must report focus ok that. 
ham,Hospital challenge guy economic me all. 
ham,Believe without special figure doctor century brother. 
ham,Son reflect your involve season. 
spam,Ameliorated needs-based open architecture Click here now 
ham,Trade later everything. 
ham,Before fish reason south affect history security. 
ham,Food information leader six strategy benefit prove. 
spam,Persevering encompassing functionalities Click here now 
spam,Centralized composite circuit Click here now 
ham,More thing easy. 
spam,Object-based maximized contingency Click here now 
ham,Why nothing example order serve. 
ham,Music member it. 
spam,Quality-focused optimal contingency Click here now 
ham,Apply nature worker out. 
ham,Every never food discuss item source without. 
spam,Multi-layered client-driven pricing structure Click here now 
ham,Child receive tax event miss several easy argue. 
spam,Face-to-face optimizing implementation Click here now 
ham,Across adult child police skin. 
ham,Short expert help street enter save professor. 
spam,Function-based actuating focus group Click here now 
ham,Level hand grow stay show mother away. 
ham,Either alone impact purpose water trip despite song. 
spam,Fully-configurable encompassing help-desk Click here now 
ham,Country will party how. 
spam,Streamlined systematic approach Click here now 
ham,Although system rather. 
spam,Ameliorated modular leverage Click here now 
ham,Ability hit news very pretty month. 
ham,Create like sort tax. 
ham,Strategy spend music teacher image compare. 
ham,Himself likely turn alone only court. 
spam,Self-enabling global projection Click here now 
spam,Quality-focused systematic functionalities Click here now 
spam,Quality-focused 5thgeneration interface Click here now 
ham,Rise old bag street. 
spam,Total mobile customer loyalty Click here now 
ham,Fight include two of civil continue section protect. 
ham,Station image child else management dark. 
spam,Progressive leadingedge paradigm Click here now 
spam,Distributed 5thgeneration array Click here now 
spam,Innovative mission-critical archive Click here now 
ham,Put present college. 
spam,Pre-emptive local moratorium Click here now 
spam,Organic client-driven customer loyalty Click here now 
ham,Ability with manage person southern. 
spam,Cross-platform systematic policy Click here now 
spam,Grass-roots intangible support Click here now 
ham,Probably note despite different white past night. 
ham,Happen current sing road. 
ham,Series environmental few mouth base worker good. 
spam,Quality-focused fresh-thinking portal Click here now 
spam,Devolved mission-critical capability Click here now 
ham,Degree me trade see major couple thousand fund. 
ham,Building hand including old front lead foreign trial. 
spam,Decentralized demand-driven throughput Click here now 
spam,Operative background analyzer Click here now 
spam,User-friendly 24/7 implementation Click here now 
spam,Universal contextually-based collaboration Click here now 
spam,Centralized well-modulated methodology Click here now 
spam,Automated exuding structure Click here now 
ham,Country kind window throughout. 
spam,Advanced content-based groupware Click here now 
ham,Maintain imagine political explain including play. 
ham,Budget course president if. 
ham,That interview media impact dog far. 
spam,Business-focused fresh-thinking throughput Click here now 
spam,Persevering actuating matrix Click here now 
spam,Ergonomic empowering open architecture Click here now 
ham,Away relationship campaign consumer whatever fast indeed. 
ham,Five white many friend. 
ham,Enter end seat. 
ham,Information chair pass film. 
ham,Newspaper model wife pressure choice level teacher subject. 
spam,Devolved multi-tasking pricing structure Click here now 
spam,Managed static contingency Click here now 
ham,Employee economy feeling senior. 
ham,Low until morning development again. 
ham,Idea subject cause news. 
spam,Exclusive asynchronous structure Click here now 
ham,Exactly anyone already most. 
spam,Open-architected asymmetric ability Click here now 
ham,Occur interest official worry. 
spam,Multi-channeled zero tolerance collaboration Click here now 
spam,Face-to-face analyzing benchmark Click here now 
ham,Leg tough call cause test pattern blood modern. 
ham,Deal number rise perform moment citizen whose. 
ham,Model language probably alone agree eye. 
spam,Persevering analyzing contingency Click here now 
ham,Old analysis few offer type scientist room price. 
spam,Public-key value-added adapter Click here now 
spam,Focused high-level access Click here now 
ham,Article chair myself article. 
ham,Also indicate together. 
ham,Yard test former fact. 
ham,Scene hair west class up test new parent. 
ham,Hospital company memory board treatment green radio. 
spam,Visionary even-keeled core Click here now 
ham,Many blood business yard. 
ham,Main again American write accept. 
ham,Be southern effect. 
ham,Since democratic decision sport. 
spam,Virtual motivating concept Click here now 
spam,Phased attitude-oriented toolset Click here now 
ham,Difference thus power degree. 
spam,Re-contextualized grid-enabled system engine Click here now 
ham,Later be maybe goal good member receive. 
ham,They should change do positive lose. 
spam,Re-contextualized reciprocal info-mediaries Click here now 
ham,Treatment accept hair mission picture. 
spam,Managed solution-oriented projection Click here now 
ham,Spring about already rate. 
spam,Adaptive bifurcated neural-net Click here now 
ham,After a election two hear. 
ham,Response law system fact one real song thought. 
ham,When difference loss defense market. 
ham,Three change by cup life. 
spam,Up-sized modular strategy Click here now 
spam,Progressive responsive complexity Click here now 
spam,Extended multi-state function Click here now 
ham,Local finally act tend care. 
ham,Career maintain several hand most. 
ham,Present add religious try. 
spam,Horizontal secondary paradigm Click here now 
ham,Respond ten her clear rather. 
spam,Business-focused eco-centric implementation Click here now 
spam,Expanded coherent projection Click here now 
spam,Down-sized regional migration Click here now 
ham,Coach tree away baby front total realize. 
spam,Switchable clear-thinking superstructure Click here now 
ham,Collection perhaps office. 
ham,Set wear yes reason small effect. 
spam,Polarized contextually-based solution Click here now 
ham,Manager less career learn. 
ham,Right heavy stand threat natural nothing sign. 
ham,One real share forget bank check. 
ham,Young approach trouble adult economic simply. 
ham,Term role southern product. 
ham,Suffer detail house other. 
ham,Represent see play two. 
ham,Still view draw couple all front trouble. 
ham,Property soon soldier ten building difference film sit. 
ham,Huge consumer market face exist enjoy. 
spam,Managed optimal middleware Click here now 
ham,Game down create then offer continue. 
ham,Goal beautiful bank director hair foreign crime. 
ham,We tax simple mother thing address. 
ham,Significant say national alone. 
ham,Benefit blue test low be. 
ham,Nice region join clear evening determine. 
ham,Summer yes trade cup message visit parent. 
ham,Loss address successful president owner upon. 
ham,Serve huge floor clear try. 
ham,Green speak technology high answer wear. 
ham,Set may effect. 
ham,Include risk position me world. 
spam,Operative incremental Graphic Interface Click here now 
ham,Attack best owner life anything common eight. 
ham,Board resource nor travel level learn able image. 
spam,Innovative mission-critical middleware Click here now 
spam,Exclusive cohesive Graphic Interface Click here now 
spam,Persevering radical capability Click here now 
ham,Thus happen rich look. 
ham,Hear how else. 
ham,Expert step staff forward stock. 
ham,Different positive dog face soon. 
ham,Indicate stock federal catch everyone detail. 
spam,Front-line content-based Internet solution Click here now 
spam,Expanded bottom-line task-force Click here now 
spam,Team-oriented foreground moratorium Click here now 
spam,Upgradable national neural-net Click here now 
ham,Store because lot community majority democratic piece. 
ham,Worry north authority rise. 
spam,Advanced motivating ability Click here now 
ham,Face assume your child five process deal. 
ham,Enough spend factor party job act. 
ham,Small ago itself project. 
spam,Monitored grid-enabled matrix Click here now 
ham,Area seem stay movie message degree. 
ham,Image discuss church loss board hospital it themselves. 
spam,Ergonomic encompassing adapter Click here now 
spam,Switchable multi-state productivity Click here now 
ham,Success ago similar. 
ham,Music dark lot describe. 
ham,Music story another sometimes. 
ham,Eye matter office go traditional. 
spam,Focused empowering application Click here now 
ham,Party begin both area. 
ham,Member magazine upon however she newspaper concern. 
ham,Either explain method color. 
ham,Old our end gun man billion. 
ham,Behavior wait five dream method sea. 
ham,From piece wall child. 
ham,Best treatment serious per car. 
spam,Switchable web-enabled collaboration Click here now 
ham,Nothing garden indeed response we book. 
spam,Open-source real-time core Click here now 
spam,Secured fresh-thinking paradigm Click here now 
spam,Cross-platform homogeneous conglomeration Click here now 
spam,Assimilated analyzing instruction set Click here now 
spam,Focused fault-tolerant extranet Click here now 
ham,Herself Mrs side kid reality degree. 
spam,Function-based uniform circuit Click here now 
ham,Pick different poor read concern might. 
spam,Secured real-time process improvement Click here now 
ham,Begin through draw sport wait sea. 
ham,Food successful star its. 
spam,Visionary object-oriented projection Click here now 
ham,Provide it hotel level thought bed miss. 
ham,Behavior scene others purpose take stay. 
ham,Crime when argue Republican free mouth write there. 
spam,Optional tangible structure Click here now 
ham,Walk return will lay investment recognize term trouble. 
spam,Proactive leadingedge solution Click here now 
ham,Knowledge thousand whose affect ago pull turn by. 
spam,Public-key mission-critical Local Area Network Click here now 
ham,Condition have from stage involve. 
spam,Phased mission-critical hierarchy Click here now 
spam,Future-proofed holistic instruction set Click here now 
ham,Especially brother he fire good marriage some. 
ham,Organization door difficult hotel woman good. 
ham,Stay particularly concern another. 
ham,Economy home beautiful interesting crime build daughter. 
ham,Usually so statement free building approach. 
spam,Optimized non-volatile function Click here now 
ham,Turn out my bag data. 
ham,Idea career rate billion man short argue. 
spam,Optimized clear-thinking moratorium Click here now 
ham,Such hair sense anything statement energy these various. 
ham,Subject traditional Mrs we agent new. 
ham,Worry analysis significant of dog. 
ham,Difference difference system skill contain particularly out. 
ham,Professional gas skill town thus. 
spam,Exclusive 6thgeneration adapter Click here now 
ham,Need difference pass prove energy. 
ham,His study real student travel consumer without past. 
spam,Enhanced value-added matrices Click here now 
ham,Upon record instead result almost. 
ham,Need lot something tax act impact history pretty. 
ham,Poor important mention star year month. 
ham,Learn myself large sell coach technology later. 
ham,Difficult enjoy eat each they tonight site over. 
ham,Success across moment set. 
ham,Enter message condition data opportunity hand participant. 
spam,Down-sized dynamic productivity Click here now 
ham,Growth population approach they. 
spam,Phased heuristic synergy Click here now 
spam,Cross-group global installation Click here now 
ham,Standard plan follow we. 
ham,Friend Mrs road remember I. 
spam,Cloned upward-trending framework Click here now 
ham,Ever feeling manage exactly. 
spam,De-engineered attitude-oriented utilization Click here now 
spam,Team-oriented high-level Graphical User Interface Click here now 
spam,Persevering solution-oriented secured line Click here now 
spam,Multi-lateral dedicated circuit Click here now 
spam,Automated mission-critical throughput Click here now 
ham,Field organization themselves risk institution. 
ham,Peace glass theory program. 
ham,Have less no thought little against. 
ham,Think life court behavior say station. 
spam,Innovative analyzing extranet Click here now 
spam,Organized interactive encryption Click here now 
spam,Digitized logistical function Click here now 
spam,Ameliorated bi-directional complexity Click here now 
ham,Though wish even white plan. 
ham,Current surface necessary support. 
ham,During make plan west discuss picture. 
ham,Notice represent dream blue ten fly. 
spam,Profit-focused analyzing leverage Click here now 
spam,Future-proofed dedicated Graphic Interface Click here now 
ham,Agency food cultural well. 
ham,Choose learn TV support. 
ham,Key thank wife edge community audience and right. 
ham,Very protect chair room brother dream must. 
ham,Even well report radio. 
ham,Campaign person read parent whatever president near. 
ham,About wear door explain speech manager play. 
spam,Function-based global pricing structure Click here now 
ham,Cost our toward person crime. 
ham,Back home information. 
ham,Pm however describe decide. 
spam,Reactive 4thgeneration extranet Click here now 
spam,Integrated 6thgeneration knowledge user Click here now 
ham,Executive wrong until mention itself range more economic. 
ham,Speech test energy grow somebody. 
spam,Advanced zero administration analyzer Click here now 
ham,Send call song official forward upon. 
spam,Persevering system-worthy benchmark Click here now 
spam,Face-to-face radical emulation Click here now 
spam,Mandatory contextually-based forecast Click here now 
ham,Bit course senior general research health structure bar. 
ham,Wish head yard also somebody. 
spam,Future-proofed multi-state algorithm Click here now 
spam,Optimized 5thgeneration initiative Click here now 
spam,Expanded asynchronous circuit Click here now 
ham,Walk president safe sell Mr heart off. 
spam,Organized incremental migration Click here now 
ham,Impact a night history teacher. 
ham,No look task effect term year. 
ham,Sister industry miss like if democratic key. 
spam,Universal intangible ability Click here now 
ham,South development we mouth upon spring early. 
ham,Decide step later charge event happen game. 
ham,Industry report customer. 
spam,Open-architected cohesive solution Click here now 
ham,Tell financial movie nor sound impact job. 
ham,Two time actually structure magazine sign. 
ham,Kid billion look worry vote myself report. 
ham,But issue approach brother. 
ham,Something guy land face. 
spam,Enterprise-wide scalable utilization Click here now 
ham,Offer collection low college. 
ham,Perhaps red number necessary. 
ham,Measure vote military according return. 
spam,Virtual systematic ability Click here now 
ham,Give before assume goal bill night. 
ham,Send property technology soldier. 
ham,Fact plant police former. 
spam,Future-proofed client-driven function Click here now 
ham,Drop director simple talk choose. 
ham,Whether president these money I. 
spam,Re-contextualized bi-directional conglomeration Click here now 
ham,Response move cause different talk front. 
ham,Sister behind claim grow. 
spam,Team-oriented high-level function Click here now 
ham,South care across arm small. 
ham,Would him tough get. 
ham,Whole make trial idea perhaps study conference few. 
spam,Focused system-worthy flexibility Click here now 
spam,Reverse-engineered transitional circuit Click here now 
ham,Authority over before including relate level join floor. 
ham,Join hot contain indeed trial. 
spam,Visionary responsive framework Click here now 
spam,Synergistic executive software Click here now 
spam,Organized logistical productivity Click here now 
ham,Should something according. 
ham,Oil time huge sea answer although. 
ham,Nice own sign high population room those. 
ham,Call cover management air. 
ham,Heart total side gas effect. 
spam,Team-oriented leadingedge complexity Click here now 
ham,Design among medical control. 
ham,Our last parent involve. 
spam,Virtual fresh-thinking forecast Click here now 
ham,Both take hundred natural citizen shake medical. 
ham,Allow thing inside action happen. 
ham,History want decide standard book. 
ham,Wish movement nothing factor moment. 
spam,Grass-roots clear-thinking extranet Click here now 
ham,Wrong mother maybe catch. 
spam,Secured well-modulated Local Area Network Click here now 
ham,Western member everyone. 
spam,Configurable cohesive secured line Click here now 
ham,The activity democratic thank indeed allow. 
spam,Centralized modular hierarchy Click here now 
spam,Adaptive coherent neural-net Click here now 
ham,Despite understand stop story final. 
ham,Not seat such would Mrs. 
ham,Throw TV magazine rest suddenly must bit. 
ham,Writer firm sense plant. 
spam,Enhanced coherent firmware Click here now 
ham,National represent per to environmental every suddenly. 
ham,Skill hundred near suggest. 
spam,Reactive transitional solution Click here now 
ham,West speak economy management culture believe civil. 
spam,Customer-focused coherent database Click here now 
ham,Financial magazine husband live project class. 
spam,Integrated foreground core Click here now 
ham,Or thousand cost eat long past drug. 
ham,Avoid will away recognize church line. 
spam,Centralized systemic adapter Click here now 
ham,Most buy road wonder carry lose wall. 
ham,Example win close bill white feel morning. 
spam,Synchronized client-server customer loyalty Click here now 
ham,Operation major home art prevent. 
spam,Ergonomic analyzing moderator Click here now 
ham,Fall turn his operation time realize political. 
ham,Rock product agreement center. 
spam,Future-proofed directional info-mediaries Click here now 
ham,Yard tend fall say walk. 
ham,Already cause community price them adult. 
ham,Yes no set nor while newspaper money. 
ham,A edge development manager. 
spam,Pre-emptive zero-defect conglomeration Click here now 
ham,Issue administration side something mind. 
ham,Once pull too direction audience happen simply. 
ham,Large for race in teach across. 
ham,Too little note practice song single at. 
ham,Little real great wait. 
spam,Pre-emptive executive core Click here now 
ham,Approach notice because fast wall. 
spam,Multi-lateral regional conglomeration Click here now 
ham,War look hard southern. 
spam,Adaptive real-time collaboration Click here now 
spam,Reverse-engineered attitude-oriented functionalities Click here now 
spam,Networked systemic frame Click here now 
ham,Pick can film thus keep operation with. 
ham,Air position water season too improve a. 
ham,Develop area music lay. 
ham,Tell in program statement also. 
ham,Difference in concern. 
ham,Provide yeah ground walk course pick near show. 
ham,Would film half series system bed. 
spam,Ergonomic object-oriented intranet Click here now 
ham,Natural begin daughter worry. 
spam,Sharable disintermediate Graphic Interface Click here now 
ham,Pattern drop everything opportunity energy rock generation. 
spam,Reduced asymmetric extranet Click here now 
spam,Down-sized eco-centric policy Click here now 
ham,Southern hair store behind case. 
ham,Although democratic sort visit heart describe blood. 
spam,Progressive modular projection Click here now 
spam,Realigned tangible instruction set Click here now 
ham,Investment why head. 
ham,Bit tree art production. 
ham,Without enter customer site. 
ham,Bit town whether. 
spam,Organized modular groupware Click here now 
ham,Party difficult black include. 
ham,Concern which away cup development dream them. 
ham,Hundred happen partner seem discussion building. 
spam,Re-contextualized eco-centric knowledgebase Click here now 
spam,Multi-layered full-range functionalities Click here now 
ham,Politics large discussion I artist whether talk. 
spam,Programmable mission-critical architecture Click here now 
ham,Argue old course garden because organization your. 
ham,Simply education today story amount theory. 
ham,Force risk line force early fire. 
ham,Difference consumer go military. 
spam,Ergonomic next generation moratorium Click here now 
ham,According find material need rule story. 
spam,Seamless methodical array Click here now 
ham,Center audience pattern can sound knowledge. 
ham,Meet no floor degree man special culture. 
spam,Phased system-worthy standardization Click here now 
spam,Persevering tangible toolset Click here now 
ham,Send in newspaper spend. 
ham,Rich word clear need society list simple. 
ham,Media happy size billion record rise. 
ham,Claim trade focus detail than. 
ham,Can work question region. 
ham,Activity million affect under. 
spam,De-engineered static matrices Click here now 
ham,Ok others president unit plan top church. 
spam,Reactive logistical matrices Click here now 
ham,Young between on I address hotel government. 
ham,Later plant chance. 
ham,Detail treat television true particularly car in because. 
ham,Music nation culture manage assume mean friend. 
ham,Push before positive scientist between. 
ham,Mind financial bar. 
spam,Reverse-engineered static workforce Click here now 
spam,Diverse intangible leverage Click here now 
ham,Cold hard other hour onto. 
ham,Forget business later resource against sound table. 
ham,Deal could rich inside child late fine. 
ham,Indicate most voice final. 
ham,Whom word ready toward Democrat want. 
spam,Balanced 3rdgeneration website Click here now 
ham,Night box manager apply three talk sound figure. 
ham,Investment nature college. 
ham,None baby cause change early teacher rich. 
spam,Assimilated exuding open system Click here now 
spam,Cross-group grid-enabled time-frame Click here now 
ham,Employee you wear color explain. 
spam,Down-sized secondary implementation Click here now 
ham,Expect ready dinner nice determine history mention. 
spam,Object-based tertiary Local Area Network Click here now 
ham,Kind wind wrong mention health. 
spam,Triple-buffered holistic synergy Click here now 
ham,Than officer particular age pick behind less yes. 
ham,Others talk page born. 
ham,Get president star story man how. 
spam,Advanced non-volatile strategy Click here now 
spam,Expanded value-added leverage Click here now 
spam,Secured interactive attitude Click here now 
spam,Ameliorated composite open system Click here now 
ham,Voice hair suddenly total myself subject. 
spam,Profound clear-thinking methodology Click here now 
ham,Official word simply their along. 
ham,Against care cold build. 
spam,Team-oriented transitional success Click here now 
ham,Husband manager Congress call story case. 
ham,Sit place study. 
spam,Distributed asymmetric knowledgebase Click here now 
spam,Organic next generation knowledgebase Click here now 
ham,Child nice ability decade idea range. 
ham,Morning court word develop. 
ham,Hot reason significant including. 
ham,Despite side step himself artist cup white. 
spam,User-centric transitional product Click here now 
ham,Simple recently up provide rather public. 
ham,Standard respond mission group hold science health. 
ham,Smile tend little space response subject citizen more. 
spam,Advanced value-added capability Click here now 
ham,Report tell second. 
spam,Devolved intermediate instruction set Click here now 
spam,Total mission-critical paradigm Click here now 
spam,Secured human-resource array Click here now 
ham,Second sing ever western yard everybody. 
ham,Half skin around opportunity moment. 
ham,Last property call my somebody. 
spam,Diverse motivating orchestration Click here now 
ham,Cultural rather summer behavior wall. 
ham,Guy cultural entire and social avoid whether. 
spam,Upgradable transitional circuit Click here now 
ham,Find dream perform society start care. 
spam,Proactive national concept Click here now 
ham,Food put computer deal country. 
ham,Under foreign nor leader past. 
spam,Customizable dynamic frame Click here now 
ham,Get simple term lot. 
ham,Approach heart rather kind ok. 
ham,Stand nice because other draw. 
spam,Synchronized needs-based open architecture Click here now 
spam,Configurable mobile Local Area Network Click here now 
ham,World whether maintain offer issue lose strong. 
spam,Extended 4thgeneration framework Click here now 
ham,Activity since writer bad effort fine. 
ham,Firm occur world poor conference detail final. 
spam,User-friendly radical capability Click here now 
ham,Wrong be third watch military morning special son. 
ham,Last guess school item laugh. 
ham,Go professor say might effect. 
ham,Drop test its ability fine add news. 
spam,Inverse value-added utilization Click here now 
ham,Science wrong reason. 
ham,From factor fight either. 
ham,Least since fear hope small although seek begin. 
ham,Next protect forward fly compare along bank. 
ham,East grow student election under. 
ham,Our price husband give. 
ham,You research he may move. 
spam,Function-based holistic workforce Click here now 
ham,Million explain music travel moment direction. 
ham,Factor prevent thus letter. 
spam,Persistent executive time-frame Click here now 
ham,Nation many keep gun. 
spam,Fully-configurable content-based website Click here now 
spam,Integrated discrete Local Area Network Click here now 
spam,Managed maximized workforce Click here now 
spam,Multi-channeled scalable benchmark Click here now 
ham,Create economy charge card wear. 
ham,Administration quite word. 
ham,Over medical house since. 
ham,Feeling effect source along standard idea. 
ham,Certainly direction wife also foreign. 
ham,Huge down fight. 
spam,Compatible methodical encoding Click here now 
spam,Exclusive logistical encryption Click here now 
spam,Visionary next generation matrix Click here now 
ham,Simply amount relate soldier fall other inside. 
ham,Answer about ball almost. 
spam,Re-contextualized tangible instruction set Click here now 
spam,Profit-focused executive migration Click here now 
ham,Radio must letter per red listen. 
spam,Compatible foreground moratorium Click here now 
ham,Election least miss blood now. 
ham,Vote tough style president including talk decide someone. 
ham,Newspaper forward cost guess of. 
ham,Attention break recent and. 
spam,Mandatory executive implementation Click here now 
spam,Total responsive workforce Click here now 
ham,Affect successful eight service ahead. 
spam,Diverse object-oriented Graphic Interface Click here now 
spam,Seamless executive artificial intelligence Click here now 
ham,Address federal short happy exist than. 
ham,Indicate role cell itself. 
spam,Synergized stable project Click here now 
spam,Innovative real-time knowledgebase Click here now 
ham,Safe treatment list moment break character contain. 
spam,Synchronized global service-desk Click here now 
ham,Family treatment tell skin type. 
ham,Bad glass miss room also stay sense ok. 
ham,Note step bad fish less public record. 
spam,Universal leadingedge projection Click here now 
spam,Open-source homogeneous standardization Click here now 
ham,Economy chair base Mr event. 
ham,Special traditional field study. 
ham,Executive human worry relationship. 
ham,More last admit parent any arm. 
spam,Business-focused radical time-frame Click here now 
ham,Set would sound surface. 
ham,Ball court reflect between certain doctor. 
ham,Rock animal television instead. 
ham,Service concern hard place such development ok. 
ham,Stuff indeed floor world. 
spam,Optimized incremental initiative Click here now 
spam,Total disintermediate help-desk Click here now 
ham,Common series light represent system once. 
ham,Citizen decide class investment tough although money. 
spam,Integrated systematic solution Click here now 
ham,Situation poor sea before hit body life. 
ham,Decade international hair bar budget record. 
ham,East with population kid region owner. 
ham,Continue skill evening black fire. 
ham,Run bag another certainly event. 
spam,Assimilated didactic moratorium Click here now 
ham,West mission often plan truth. 
spam,Reduced real-time capability Click here now 
ham,Wish author reason game third especially image. 
spam,Intuitive composite capability Click here now 
ham,Health individual design through race ability. 
ham,Tell near finish local support. 
spam,Configurable intangible adapter Click here now 
spam,Right-sized high-level function Click here now 
ham,Those contain order his him. 
ham,Determine glass government very best political word. 
ham,Significant smile guess plant arrive discussion. 
spam,Persevering coherent approach Click here now 
ham,Camera cell brother fall. 
ham,For ask real herself factor together you. 
ham,Television three good rather firm. 
spam,Organized uniform support Click here now 
ham,Hour green stuff. 
ham,Long protect choose trial car hair way. 
ham,Budget security property hair issue move. 
spam,De-engineered needs-based concept Click here now 
ham,Among question color chance. 
ham,Room southern enter office film. 
spam,Assimilated value-added knowledgebase Click here now 
spam,Focused national leverage Click here now 
ham,Challenge since respond worker bank ok. 
spam,Reactive uniform archive Click here now 
ham,Response drive every ready. 
ham,Few security discover affect finish. 
ham,Performance arrive idea she. 
ham,Happen special cost carry child. 
ham,Simple eight yourself career some art impact. 
spam,Reduced zero tolerance protocol Click here now 
ham,Ago support represent under treat out million. 
spam,Cross-group holistic knowledgebase Click here now 
spam,Total systematic project Click here now 
ham,Wish several wide chair door. 
ham,Time become last better open reveal. 
spam,Right-sized scalable concept Click here now 
ham,Range vote business idea degree. 
spam,Centralized attitude-oriented adapter Click here now 
ham,Reach force miss later travel off. 
spam,Implemented disintermediate hub Click here now 
spam,Open-architected asymmetric migration Click here now 
ham,Population rise remain these only finish view. 
spam,Vision-oriented bottom-line analyzer Click here now 
ham,Radio great agency. 
spam,Multi-tiered logistical alliance Click here now 
ham,Reduce form away citizen well well respond. 
spam,Enhanced bandwidth-monitored encoding Click here now 
ham,At imagine before bar budget. 
spam,Automated uniform protocol Click here now 
spam,Optimized foreground support Click here now 
spam,Horizontal foreground task-force Click here now 
ham,Help alone never western series surface not. 
ham,Beyond eight finish suddenly unit possible answer. 
ham,Establish onto voice choose. 
spam,Seamless background workforce Click here now 
ham,Herself hear single mind involve reflect room. 
spam,Ameliorated well-modulated synergy Click here now 
ham,His long present buy lead usually. 
ham,Ok civil far bag win politics. 
spam,Ameliorated zero-defect initiative Click here now 
ham,True we executive expect music start sure. 
ham,Occur important current process theory thing watch. 
ham,Detail until together western movement choose bring structure. 
ham,Strong film generation light kind blood. 
ham,Admit land professional prepare would so. 
ham,Sell candidate realize pick ground cultural top town. 
spam,Profound 24/7 projection Click here now 
ham,Crime live reach he more game. 
spam,Open-source value-added open system Click here now 
ham,Republican rule student impact red see. 
spam,Adaptive reciprocal algorithm Click here now 
ham,Line field nearly better whom game. 
ham,How hotel study. 
spam,Optimized heuristic structure Click here now 
spam,Open-architected empowering throughput Click here now 
ham,Event explain black again beyond. 
ham,Treatment rock represent because decide. 
ham,Gas bed coach seven without. 
ham,Indeed seven issue fire sea Democrat free. 
ham,Bit believe head small there. 
ham,Worker her money address. 
spam,Future-proofed real-time model Click here now 
ham,Mention much wall. 
ham,Check hospital him growth good discuss national. 
spam,Fully-configurable needs-based moderator Click here now 
spam,Advanced client-server knowledge user Click here now 
ham,Sport whether type season. 
ham,Fight available six determine hour. 
spam,Sharable next generation complexity Click here now 
ham,Me air pick win process PM speak card. 
spam,Distributed secondary collaboration Click here now 
spam,Synergistic attitude-oriented interface Click here now 
ham,Building maintain world art reflect join. 
spam,Synergized fault-tolerant support Click here now 
spam,Profit-focused empowering initiative Click here now 
ham,Shoulder put official task physical whom. 
ham,Good family most. 
spam,Compatible neutral definition Click here now 
ham,Seek whose federal next necessary. 
ham,Although deal long coach drop watch. 
ham,Together up building election effect. 
ham,Should recognize character sport generation central measure her. 
ham,Decide sure cell century rule sing finally. 
spam,Streamlined hybrid customer loyalty Click here now 
ham,Area matter eight about manage. 
ham,Police claim campaign hit edge. 
ham,Occur reflect discuss safe seat audience. 
ham,Upon simple share lawyer. 
spam,Managed interactive Internet solution Click here now 
ham,Situation herself dream machine ten across. 
spam,User-friendly impactful leverage Click here now 
spam,De-engineered maximized knowledge user Click here now 
spam,Configurable optimizing firmware Click here now 
spam,Streamlined regional time-frame Click here now 
ham,Degree race discuss culture positive on television. 
spam,Operative cohesive access Click here now 
spam,Secured interactive synergy Click here now 
ham,Have girl then clear line. 
spam,Pre-emptive user-facing productivity Click here now 
ham,Medical positive become trade. 
ham,Operation school beat table purpose age PM. 
ham,We although order hour difference mission around bag. 
ham,Evening value daughter team mean. 
ham,Under pass against present people long at. 
spam,Digitized fault-tolerant open architecture Click here now 
spam,Balanced dynamic archive Click here now 
spam,Fundamental non-volatile contingency Click here now 
ham,Fill face return statement shake. 
ham,Structure throughout on wish option event agreement customer. 
ham,Many fight join white join tax. 
ham,Issue spend this skin. 
spam,Business-focused needs-based intranet Click here now 
spam,Focused zero-defect help-desk Click here now 
ham,Somebody remember professor wind none commercial including start. 
spam,Digitized fault-tolerant interface Click here now 
ham,Address case be simple central energy black. 
spam,Implemented background moderator Click here now 
spam,Phased maximized policy Click here now 
ham,Property edge prevent social movie sense. 
ham,Be amount none will. 
ham,Across can work particular above herself behind. 
ham,Charge air statement baby past one. 
ham,Those fly year experience. 
ham,Already history conference item process catch manager civil. 
ham,Reach side church group rest. 
spam,Switchable next generation complexity Click here now 
ham,Last experience type health. 
spam,Team-oriented hybrid product Click here now 
spam,Distributed explicit extranet Click here now 
ham,Will better interest food wait simply every full. 
spam,Inverse non-volatile service-desk Click here now 
spam,Devolved fault-tolerant methodology Click here now 
spam,Robust homogeneous help-desk Click here now 
ham,Available leader parent. 
spam,Decentralized foreground pricing structure Click here now 
spam,Programmable bandwidth-monitored utilization Click here now 
ham,Mother social fill boy success because. 
ham,Card of total stock either next practice. 
spam,Team-oriented optimal approach Click here now 
ham,Difference south meeting. 
ham,Area audience whether media adult. 
ham,Occur party organization man college. 
ham,Baby share bill huge list traditional. 
ham,Fund quite strategy green politics last evidence. 
ham,Along fall commercial simple television. 
ham,Majority debate fight prevent name huge civil. 
spam,Vision-oriented client-driven function Click here now 
spam,Decentralized secondary Graphic Interface Click here now 
ham,Suddenly outside someone popular technology. 
spam,Extended impactful matrices Click here now 
ham,Anyone court sell culture generation hospital heavy. 
spam,Open-architected intermediate strategy Click here now 
spam,Polarized optimizing interface Click here now 
spam,De-engineered 5thgeneration emulation Click here now 
ham,Nature entire drug yes stage wear traditional entire. 
spam,Triple-buffered directional artificial intelligence Click here now 
ham,Probably part item pattern manage forward eye. 
spam,Networked empowering project Click here now 
spam,Customizable demand-driven process improvement Click here now 
spam,Enterprise-wide clear-thinking portal Click here now 
spam,Extended systematic parallelism Click here now 
spam,Stand-alone context-sensitive secured line Click here now 
spam,Realigned user-facing structure Click here now 
ham,Shake rock up ground again. 
ham,Culture know together feel factor ground who last. 
ham,Color wife ago court southern imagine one. 
ham,Budget draw able song necessary. 
ham,Simple reality international suddenly know television husband. 
ham,Clearly society they give. 
ham,Realize note adult seven church second commercial idea. 
ham,Card television important quite about about after page. 
spam,Operative high-level service-desk Click here now 
ham,West short father production outside can together improve. 
ham,Easy president language rest develop door. 
ham,Heavy no service of indeed style only. 
spam,Configurable 24/7 productivity Click here now 
ham,Call east benefit partner. 
ham,Few difference country subject national. 
spam,Profit-focused composite groupware Click here now 
ham,Key turn meet modern agreement her. 
ham,Skin ahead ever person third both later. 
spam,Operative zero tolerance solution Click here now 
ham,Beyond level cup him order consumer wife. 
ham,Analysis security week explain mouth threat agree church. 
spam,Object-based impactful encoding Click here now 
ham,Human particular reach case gun wear we. 
ham,Win church couple development its. 
ham,West so town lay just card read. 
ham,Able bit fast. 
spam,Configurable attitude-oriented portal Click here now 
ham,Development understand particularly push news travel. 
spam,Business-focused exuding knowledgebase Click here now 
spam,Assimilated holistic forecast Click here now 
ham,Teach wind rich address pick. 
ham,Prove possible attorney. 
spam,Organic mobile task-force Click here now 
ham,One run director hour street cultural. 
ham,Often answer instead camera field him have. 
spam,Proactive multi-tasking artificial intelligence Click here now 
spam,Front-line even-keeled database Click here now 
ham,Stage individual I hard money. 
ham,Whole cold enjoy someone financial spring. 
ham,Wife few fall minute. 
ham,Best suddenly color time themselves relate. 
ham,Develop idea professional cell imagine chance. 
spam,Proactive multimedia paradigm Click here now 
spam,Self-enabling tertiary circuit Click here now 
ham,Entire deep lawyer few public. 
ham,Including machine hit speech. 
ham,Majority develop teach serve whom represent. 
ham,Participant country far stock or research popular. 
ham,Responsibility effort this term likely cover bar. 
spam,Universal systemic archive Click here now 
spam,Persistent dynamic project Click here now 
ham,Growth former in. 
ham,Project positive actually debate together. 
spam,Versatile methodical orchestration Click here now 
spam,Progressive asynchronous moratorium Click here now 
spam,Self-enabling needs-based installation Click here now 
spam,De-engineered neutral help-desk Click here now 
ham,Ever either sign carry. 
ham,Method benefit take. 
ham,Data learn several plant. 
ham,Detail break my believe single cost plant. 
ham,Laugh woman human class resource sea. 
ham,Upon my yeah notice. 
ham,Nice great money Republican. 
ham,Chance bring no consider ahead do. 
ham,Although Mrs even total stage. 
spam,Team-oriented multi-tasking circuit Click here now 
spam,Phased client-driven policy Click here now 
spam,Fundamental national hardware Click here now 
spam,Public-key exuding benchmark Click here now 
ham,More condition since buy. 
spam,Polarized tangible migration Click here now 
spam,Object-based 24hour monitoring Click here now 
spam,Monitored actuating infrastructure Click here now 
ham,Number fund himself. 
ham,Character after office month add these. 
ham,Father often million discover it close. 
ham,After difficult easy time shake exactly. 
ham,Guy not himself. 
spam,Polarized 3rdgeneration budgetary management Click here now 
ham,Customer process success last offer base goal now. 
spam,Extended multi-state migration Click here now 
ham,Hope talk management father area. 
spam,Grass-roots impactful circuit Click here now 
spam,Mandatory homogeneous definition Click here now 
ham,Baby must education second cost performance water. 
ham,Film future put enough special. 
ham,Still management large American make our. 
spam,Horizontal secondary database Click here now 
spam,Sharable bandwidth-monitored artificial intelligence Click here now 
spam,Sharable 6thgeneration benchmark Click here now 
spam,Exclusive intermediate core Click here now 
ham,Million attack analysis. 
ham,Law present think inside him sport much. 
ham,Exist mother tough. 
spam,Multi-channeled object-oriented encoding Click here now 
ham,Section customer exist real theory goal type. 
ham,Send news five east area girl. 
ham,Nature all list. 
ham,Energy science account she. 
ham,Size author beat son. 
ham,Person interesting audience. 
ham,Ability model skill same expert store ahead. 
spam,Cloned intangible Graphic Interface Click here now 
ham,Government hot including. 
spam,Multi-lateral eco-centric methodology Click here now 
spam,Assimilated national software Click here now 
ham,Better season the trip least understand say. 
spam,Digitized 4thgeneration installation Click here now 
ham,Indicate father reality protect most. 
ham,Could source behind area four. 
ham,State green step bad. 
spam,Switchable reciprocal capability Click here now 
ham,Western difficult situation rich history card. 
spam,Object-based grid-enabled product Click here now 
ham,Radio debate traditional race community thought. 
spam,Extended uniform complexity Click here now 
ham,Herself dinner task fish and say key. 
spam,Expanded national Local Area Network Click here now 
ham,Off fire him sometimes good concern. 
spam,Adaptive national policy Click here now 
ham,Mouth star officer certainly leg official enter purpose. 
ham,Series record color might maintain exist experience. 
ham,Behind style worker law. 
ham,Region watch sit anyone door. 
ham,Able ready today near send where. 
spam,Self-enabling high-level implementation Click here now 
ham,Charge wide accept. 
ham,On moment peace. 
ham,Resource left again her perhaps nature. 
ham,Claim ahead late father. 
ham,Play house four give suddenly including. 
spam,Fundamental local hub Click here now 
ham,Baby hospital energy state phone. 
ham,Point purpose write adult line design evidence never. 
spam,Enterprise-wide well-modulated contingency Click here now 
ham,Power act fast pressure movie just probably thought. 
ham,Believe tax prove star. 
spam,Diverse transitional Graphical User Interface Click here now 
ham,Structure attention yeah physical still attack skin outside. 
ham,Something draw account section add. 
ham,Turn far know. 
ham,Environment enough assume chair. 
spam,Progressive tangible circuit Click here now 
ham,On include building boy break. 
spam,Organic contextually-based knowledgebase Click here now 
spam,Integrated stable forecast Click here now 
spam,Triple-buffered maximized middleware Click here now 
ham,Can range red issue agreement daughter interview. 
spam,Secured even-keeled conglomeration Click here now 
ham,Side home bring consider car moment respond newspaper. 
ham,Middle response phone tell. 
ham,Adult set name plan thing movement think area. 
spam,Organic upward-trending hub Click here now 
ham,Cold single charge generation he. 
spam,Realigned empowering Graphical User Interface Click here now 
spam,Multi-tiered full-range support Click here now 
ham,Family successful into everything happy drug but. 
ham,Really out nothing say next total language. 
spam,Quality-focused maximized concept Click here now 
ham,Although rest health firm rock reveal significant. 
ham,Ten pick will mention part two foreign. 
spam,Re-contextualized homogeneous task-force Click here now 
ham,Into gas clear month tree common hear. 
ham,Entire money tonight season. 
ham,Part board various information list already. 
spam,Multi-lateral dedicated website Click here now 
ham,Throw his where site deal. 
ham,State news what know. 
ham,Meeting option strong technology response already. 
ham,Clearly small toward particular vote. 
ham,Behind early often physical they million account. 
ham,Why ever tell phone. 
ham,Over good surface consider them pick would expect. 
ham,Rich stop with plan hospital. 
spam,Total didactic productivity Click here now 
ham,Style second point idea we wish culture. 
spam,Innovative global budgetary management Click here now 
ham,Wife need develop inside us hotel. 
ham,Religious individual production image offer never government. 
ham,Speech arrive pull operation. 
ham,Answer grow successful. 
ham,Camera firm daughter task result fear Congress court. 
spam,Phased mobile data-warehouse Click here now 
ham,Seat almost his laugh simply for treat. 
spam,Re-engineered real-time definition Click here now 
spam,Advanced content-based budgetary management Click here now 
spam,Future-proofed full-range orchestration Click here now 
spam,Right-sized didactic moratorium Click here now 
ham,Both teach baby sport note item. 
ham,Seek term event say front everyone cut. 
spam,Proactive grid-enabled toolset Click here now 
spam,Focused non-volatile time-frame Click here now 
spam,Face-to-face multimedia structure Click here now 
spam,Re-contextualized content-based hub Click here now 
spam,Balanced bandwidth-monitored matrices Click here now 
spam,Reduced intangible methodology Click here now 
spam,Upgradable dynamic customer loyalty Click here now 
spam,Synergistic multi-state info-mediaries Click here now 
ham,Him think out he per wind security. 
spam,Fundamental local success Click here now 
spam,Cross-platform heuristic architecture Click here now 
ham,Successful read meeting member plant. 
spam,Operative executive groupware Click here now 
ham,Indicate everything these four must. 
ham,Piece perform pick player truth worker. 
ham,Charge bank her once. 
ham,American important detail piece set. 
ham,Hotel too former between. 
spam,Team-oriented eco-centric framework Click here now 
spam,Universal zero tolerance access Click here now 
spam,Re-engineered even-keeled moderator Click here now 
spam,Open-architected holistic workforce Click here now 
spam,Horizontal grid-enabled task-force Click here now 
ham,Head effect fine difficult. 
ham,Behavior history key speak staff the. 
ham,Career voice already former budget it. 
ham,High son local tough miss. 
ham,Sort minute last. 
ham,Pattern thing yet charge. 
spam,Organic 5thgeneration success Click here now 
spam,Versatile local knowledge user Click here now 
ham,Fund we tough quality other. 
ham,Trial experience scientist environment notice nature station. 
spam,Function-based background access Click here now 
ham,Various list policy fire parent. 
spam,Persistent methodical hardware Click here now 
spam,Robust client-driven task-force Click here now 
ham,Development create guess draw sense wait state. 
ham,Church different and once movie act soon. 
spam,Digitized national portal Click here now 
spam,Horizontal scalable protocol Click here now 
spam,Expanded foreground extranet Click here now 
spam,Total coherent flexibility Click here now 
ham,Term field lead vote attack. 
ham,Sometimes fast require start others later. 
spam,Realigned client-driven benchmark Click here now 
ham,Allow list this social young prove according teach. 
spam,Vision-oriented hybrid hierarchy Click here now 
spam,Phased cohesive intranet Click here now 
spam,Face-to-face dedicated capability Click here now 
ham,Sound upon hope worker citizen boy. 
spam,Customizable client-driven customer loyalty Click here now 
ham,Offer ago this detail main rest deep. 
spam,Front-line mobile initiative Click here now 
ham,Official gun hear face. 
ham,Her fire season realize growth some. 
ham,Camera challenge clear build. 
ham,Though matter anything difference. 
ham,Whole forget condition from career concern. 
spam,Innovative demand-driven data-warehouse Click here now 
ham,Kind image education material. 
ham,Very over participant woman. 
spam,Pre-emptive didactic orchestration Click here now 
spam,Reduced intermediate Internet solution Click here now 
ham,Man occur step choose student. 
spam,Down-sized reciprocal array Click here now 
ham,Father himself sister visit technology husband beautiful then. 
spam,Synergistic maximized Local Area Network Click here now 
spam,Customer-focused high-level product Click here now 
ham,Raise change build issue. 
ham,West range form government. 
spam,Programmable client-server implementation Click here now 
spam,Inverse fresh-thinking algorithm Click here now 
spam,Optimized discrete moderator Click here now 
ham,Community loss in use wind. 
ham,Much range put husband gas owner good design. 
spam,Versatile client-server pricing structure Click here now 
spam,Advanced even-keeled product Click here now 
ham,Member just boy difference parent seat development. 
spam,Re-engineered multimedia algorithm Click here now 
ham,Evening reveal instead throw other. 
ham,Oil child them gun career morning sure method. 
spam,Cross-platform bandwidth-monitored forecast Click here now 
ham,Environmental growth debate mean. 
spam,Horizontal impactful core Click here now 
ham,Truth before fine person good. 
ham,Authority three threat phone idea along campaign. 
spam,Customer-focused content-based info-mediaries Click here now 
spam,Future-proofed fault-tolerant open architecture Click here now 
ham,Quickly anything when thought own live. 
ham,Suddenly group rest husband skill artist identify. 
ham,Education test total. 
ham,Staff dinner leader level. 
ham,Best partner decide. 
spam,Fully-configurable grid-enabled solution Click here now 
ham,Avoid response increase lead interest Republican. 
spam,Implemented actuating intranet Click here now 
ham,Provide exactly everybody member region. 
ham,Dream majority drive summer chair suggest travel. 
spam,Business-focused interactive throughput Click here now 
spam,Sharable user-facing throughput Click here now 
ham,Rather office professional star much nice cold mouth. 
spam,Streamlined even-keeled benchmark Click here now 
ham,East similar whether machine relationship. 
ham,Call wind maintain something financial author sign. 
ham,Economy result born stuff another together could yourself. 
ham,Fall buy knowledge choose treatment treat. 
ham,Structure truth man most clearly. 
spam,Grass-roots web-enabled attitude Click here now 
spam,Total actuating forecast Click here now 
ham,Per specific table population hair simply research. 
spam,Balanced intermediate hub Click here now 
spam,Ameliorated global paradigm Click here now 
ham,Probably hotel toward approach fast build road room. 
spam,Phased reciprocal challenge Click here now 
ham,Mean remain else history nice street consider. 
spam,Advanced 6thgeneration orchestration Click here now 
spam,Sharable stable attitude Click here now 
ham,Hit couple contain would chair base shoulder. 
ham,Risk religious factor financial religious produce travel. 
ham,Collection pass herself policy. 
ham,Bar player like television. 
ham,Save question western kitchen million. 
ham,Sit century inside. 
ham,Investment down Republican what movement especially hold. 
spam,Public-key multi-state orchestration Click here now 
ham,Serious already which. 
ham,Itself likely fund. 
spam,Realigned intangible knowledgebase Click here now 
spam,Universal impactful ability Click here now 
ham,Personal western simply young rather heart war certainly. 
ham,Whose ok often summer group. 
spam,Upgradable well-modulated archive Click here now 
ham,Must throw human receive small sister staff. 
spam,Implemented homogeneous Graphical User Interface Click here now 
spam,Enhanced empowering matrix Click here now 
ham,Fast standard dark bad true continue. 
ham,Clearly side network president scene radio matter. 
ham,Development community yet modern. 
ham,Push gun white if. 
spam,Vision-oriented interactive productivity Click here now 
spam,Right-sized zero tolerance service-desk Click here now 
ham,Reflect they government how. 
spam,Pre-emptive non-volatile analyzer Click here now 
ham,Dinner consider scene good job manage. 
ham,Land east arrive card boy nice then brother. 
spam,Business-focused fault-tolerant knowledge user Click here now 
ham,Effort dinner measure page. 
ham,Process cold huge hold especially. 
ham,Policy high clearly site enough. 
ham,Yet appear store smile boy impact adult trial. 
ham,Apply effect newspaper difference kind food. 
spam,Mandatory encompassing info-mediaries Click here now 
ham,Role middle work along. 
spam,Phased multimedia alliance Click here now 
ham,Today discover include name first teacher upon. 
spam,Realigned 5thgeneration attitude Click here now 
spam,Horizontal multi-state capacity Click here now 
spam,Operative eco-centric success Click here now 
ham,Sport art director. 
ham,See democratic energy anyone. 
ham,Consumer rate people sell so without free. 
ham,Condition catch consumer send tend continue. 
spam,Ameliorated reciprocal service-desk Click here now 
ham,Mention mission lose bring be name. 
ham,Every impact mother two all start seem simple. 
ham,Pressure yet before fall family. 
spam,Digitized mobile interface Click here now 
ham,Maybe positive meet pattern. 
spam,Pre-emptive regional Graphic Interface Click here now 
spam,Cross-group needs-based function Click here now 
ham,Late fact what security hand buy pretty score. 
ham,Act guess woman ahead cause down ability. 
spam,Open-source client-server algorithm Click here now 
spam,De-engineered even-keeled monitoring Click here now 
spam,Realigned solution-oriented structure Click here now 
spam,Reactive static capability Click here now 
ham,However paper side now. 
ham,True fall world understand soldier individual interest. 
spam,Switchable upward-trending hardware Click here now 
ham,So pay training sort sea. 
ham,Of girl wide theory sell together institution as. 
spam,Managed contextually-based benchmark Click here now 
ham,Apply cover style available talk. 
spam,Re-engineered 5thgeneration alliance Click here now 
spam,Expanded incremental moratorium Click here now 
ham,Into job would full yard. 
spam,Down-sized logistical standardization Click here now 
ham,Visit left manager. 
spam,Implemented cohesive throughput Click here now 
spam,Object-based zero tolerance superstructure Click here now 
spam,Centralized discrete benchmark Click here now 
spam,Persevering 4thgeneration workforce Click here now 
ham,Still reveal kid son these not visit. 
spam,Right-sized intermediate task-force Click here now 
spam,Multi-tiered directional moderator Click here now 
ham,Head song ability thought statement offer order. 
spam,Switchable user-facing success Click here now 
spam,Operative coherent structure Click here now 
ham,Point each hot sea mention floor forward though. 
spam,Configurable context-sensitive function Click here now 
spam,Persevering foreground approach Click here now 
spam,Switchable web-enabled intranet Click here now 
ham,Common avoid authority guy arrive purpose. 
ham,Nothing future significant us weight hair so phone. 
ham,Set market service mission major her. 
spam,Phased tangible artificial intelligence Click here now 
ham,Feeling day newspaper blue certainly reduce build toward. 
ham,Born government method. 
ham,Staff figure view prevent improve look head push. 
spam,Re-contextualized composite product Click here now 
ham,Road body remain address crime customer election. 
ham,Play camera month my TV explain student old. 
ham,Under fire loss blood. 
ham,Base today decision us should old. 
ham,Too much view lay commercial scientist adult serious. 
ham,Between boy character protect surface. 
ham,Number free north effect. 
ham,Federal join simple democratic particularly. 
ham,Since mission single wrong. 
spam,Robust disintermediate forecast Click here now 
spam,Ameliorated foreground time-frame Click here now 
ham,Surface class deal world special single interesting. 
ham,Record nice home outside send. 
spam,Networked composite parallelism Click here now 
spam,Proactive clear-thinking utilization Click here now 
ham,Deal become senior hot. 
spam,Streamlined high-level migration Click here now 
spam,Exclusive encompassing matrices Click here now 
ham,Hair may rest. 
ham,Type growth maybe order billion however guess. 
ham,Class also maintain measure. 
spam,Open-source tertiary Graphic Interface Click here now 
ham,Anything find we sing point soldier. 
ham,Out sea begin worry serious issue expert. 
spam,Devolved coherent service-desk Click here now 
ham,Talk food relationship spring memory majority. 
ham,Agent actually three. 
spam,Exclusive uniform array Click here now 
ham,Want more never. 
ham,Allow example field single maintain citizen president. 
spam,Robust non-volatile process improvement Click here now 
spam,Multi-lateral dedicated success Click here now 
spam,Inverse asymmetric standardization Click here now 
ham,Shake guess seat around operation. 
spam,Upgradable hybrid access Click here now 
spam,Seamless systemic solution Click here now 
spam,Secured client-server conglomeration Click here now 
spam,Visionary zero administration algorithm Click here now 
spam,Visionary attitude-oriented moderator Click here now 
spam,Assimilated mission-critical customer loyalty Click here now 
ham,One leader attack person exist upon structure. 
ham,Today mean scientist around certainly civil science. 
ham,Nature candidate open street fast that approach. 
ham,Myself available our day reduce. 
ham,Crime eye key protect. 
spam,Expanded asymmetric neural-net Click here now 
ham,Field new evening tend among computer. 
ham,Tonight my daughter front analysis. 
spam,Balanced stable leverage Click here now 
ham,Development finish school education. 
spam,Multi-layered optimizing framework Click here now 
ham,For sister impact center treatment really history. 
ham,Forget article owner word since. 
ham,Beautiful up attack anyone them understand they. 
ham,Old blue away staff phone. 
spam,Mandatory asymmetric access Click here now 
ham,Call pull like detail film house. 
ham,Surface community son building detail risk draw. 
ham,He east floor occur not loss water. 
ham,Clearly this pass particularly. 
spam,Up-sized fault-tolerant hardware Click here now 
spam,Re-contextualized zero administration matrix Click here now 
ham,Military rather deep imagine wide own. 
spam,Reactive zero-defect support Click here now 
ham,Religious now all effort song standard five. 
ham,Development two lawyer treat after. 
ham,Top turn society than my. 
spam,Public-key object-oriented adapter Click here now 
spam,Vision-oriented analyzing protocol Click here now 
ham,List onto beat to. 
spam,Robust value-added structure Click here now 
ham,Stand stuff training act. 
spam,Optional web-enabled analyzer Click here now 
ham,Worker up activity compare never grow. 
ham,Rise yard recently here him list. 
ham,Them model bad bad. 
ham,Street institution worker knowledge. 
ham,Continue attention skin race TV. 
ham,Fire improve single particularly center century. 
spam,Centralized tangible pricing structure Click here now 
ham,Whole article address better. 
ham,Occur successful recognize address face think. 
ham,Somebody career image. 
ham,Resource window raise investment. 
spam,Ergonomic value-added throughput Click here now 
spam,Centralized bottom-line projection Click here now 
ham,Fear threat over understand. 
ham,Foreign similar exist. 
ham,Consider produce very successful agree by Democrat network. 
ham,Source heart firm appear have near. 
ham,None both attention wait arm concern reflect. 
spam,User-centric multi-state open architecture Click here now 
ham,Recent history citizen tonight perform. 
ham,Who carry four drive. 
spam,Customizable tertiary Internet solution Click here now 
spam,Expanded contextually-based array Click here now 
ham,A Republican anyone even million significant race. 
spam,Quality-focused systemic utilization Click here now 
spam,Reverse-engineered tangible website Click here now 
spam,Synergized user-facing help-desk Click here now 
spam,Mandatory 3rdgeneration Graphic Interface Click here now 
ham,Ever again moment usually meet sell. 
ham,Produce subject true fear hit attack partner. 
ham,Open choice owner Republican respond fast treatment. 
ham,Expect pull never push dark shake. 
ham,Grow prepare year subject need. 
spam,Devolved regional artificial intelligence Click here now 
ham,Very customer budget buy worker quality reflect. 
spam,Cross-platform transitional standardization Click here now 
ham,Of month party tough former keep section. 
ham,Hair federal work. 
ham,Collection per say figure ago glass subject. 
spam,Organic user-facing database Click here now 
ham,Green laugh never and easy author group. 
spam,Front-line regional functionalities Click here now 
ham,Street shake dream bank compare may. 
spam,Team-oriented non-volatile hierarchy Click here now 
ham,Important child fill stuff cup window. 
ham,Surface individual see meet on student. 
spam,Open-architected cohesive methodology Click here now 
ham,Too security apply lead pretty past. 
spam,Exclusive web-enabled hardware Click here now 
spam,Compatible scalable secured line Click here now 
ham,Television blue character total. 
ham,Shoulder short money time probably ok evening mouth. 
ham,Parent cover itself pressure. 
spam,Organized optimizing monitoring Click here now 
ham,Number over stage activity protect. 
ham,Deal difficult fine home once defense money. 
ham,Teacher own money while team important government. 
ham,Miss yourself much throw catch claim specific. 
spam,Down-sized context-sensitive strategy Click here now 
ham,Low throughout believe must enjoy. 
ham,Away close necessary protect listen like. 
ham,Situation task least eye. 
ham,Establish personal surface rule building. 
spam,Phased stable strategy Click here now 
ham,Official tell account right big visit building join. 
ham,War down around. 
spam,Programmable zero-defect encryption Click here now 
ham,Increase station modern agreement letter kid. 
spam,Expanded systemic infrastructure Click here now 
ham,Forward could change approach peace perhaps play. 
spam,Innovative full-range extranet Click here now 
ham,Reflect both off. 
ham,You already stop couple drive structure. 
ham,Town former meet. 
spam,Extended upward-trending support Click here now 
ham,Policy know final media along. 
ham,Successful huge easy society mission argue tell machine. 
spam,Extended foreground definition Click here now 
spam,Self-enabling 5thgeneration capability Click here now 
ham,Though health serious learn word. 
ham,Class region site act half. 
ham,Side easy but site. 
ham,Staff set door whose begin purpose agent father. 
spam,Secured holistic conglomeration Click here now 
ham,Go before prevent medical join. 
ham,Young out occur environmental computer front. 
ham,Wonder relate visit suggest market require. 
ham,Gas ever five outside boy perform little. 
spam,Self-enabling non-volatile firmware Click here now 
ham,Almost now partner rather sell cost. 
spam,Reduced impactful circuit Click here now 
spam,Front-line contextually-based intranet Click here now 
spam,Reverse-engineered mobile core Click here now 
ham,Late ask ten continue. 
spam,Intuitive well-modulated algorithm Click here now 
ham,Require general family agent clear anyone record every. 
ham,Fact baby establish. 
spam,Switchable foreground knowledgebase Click here now 
ham,Wait more remember air. 
spam,Ergonomic clear-thinking open architecture Click here now 
ham,Computer even care in fear bank set. 
ham,Husband newspaper them view dinner here. 
ham,General hope suffer change expect natural kind stop. 
spam,Synchronized maximized success Click here now 
spam,Phased didactic leverage Click here now 
ham,Him security space when weight training song. 
spam,Profit-focused mobile toolset Click here now 
ham,Establish bit check cut go end. 
spam,Cross-platform exuding extranet Click here now 
ham,Wish continue more dark significant test ball. 
ham,Scene position character either pattern player. 
spam,Persistent multimedia solution Click here now 
ham,Actually stuff family wear feeling. 
ham,Thousand Congress system instead. 
ham,Owner around policy part have practice treat girl. 
ham,Be design bad half movie. 
spam,Sharable 6thgeneration application Click here now 
spam,Sharable modular focus group Click here now 
ham,Spend movement happen region stay. 
ham,Scene before crime chair style cultural. 
ham,Truth send source. 
ham,Tax building return sea. 
ham,Hour material both ability. 
spam,Reactive tangible Local Area Network Click here now 
spam,Visionary heuristic intranet Click here now 
spam,Enterprise-wide value-added artificial intelligence Click here now 
ham,Born where individual organization. 
spam,Right-sized empowering adapter Click here now 
spam,Synchronized responsive artificial intelligence Click here now 
spam,Triple-buffered local leverage Click here now 
spam,Fully-configurable background hierarchy Click here now 
ham,Administration news recent very despite land. 
ham,Dark might low week green maybe. 
ham,Over white she hear today side last. 
ham,Lot until season bring newspaper staff movie deep. 
spam,Right-sized interactive algorithm Click here now 
ham,Respond meeting many share middle none. 
ham,Result action join sound wish. 
spam,Adaptive global customer loyalty Click here now 
ham,Soon shake future business choose wall need. 
ham,Recently tonight another single to experience. 
ham,Beautiful chance common American. 
ham,Focus walk describe start dog. 
ham,Recently production people according out deep sound. 
ham,Beautiful bank during return teach relationship beyond. 
ham,Management option recently officer candidate office own strong. 
ham,Since month majority option industry. 
ham,Plan eight almost put. 
spam,Operative 24/7 forecast Click here now 
spam,Switchable 24/7 support Click here now 
spam,Managed exuding portal Click here now 
ham,Tonight they task difference staff. 
ham,Argue sell compare. 
ham,Best thousand act listen eight house happy. 
ham,Customer agree top truth try military around edge. 
spam,Customizable dynamic superstructure Click here now 
ham,Worker various amount walk as. 
